CS.C1,10.757235554,106.588008306,-1.2908
C1.01,10.757275179,106.587994664,-1.291
C1.02,10.757551383,106.587851602,-1.292
C1.03,10.757681376,106.587744743,-1.2926
C1.04,10.757786101,106.587630985,-1.2932
C1.05,10.757877384,106.587500303,-1.2938
C1.06,10.757950136,106.587358507,-1.2944
C1.07,10.758003511,106.587207890,-1.295
C1.08,10.758035475,106.587051398,-1.2956
C1.09,10.758039256,106.586732105,-1.2967
C1.10,10.758026112,106.586503920,-1.2974
C1.10-1,10.758015601,106.586321373,-1.298
C1.11,10.758012223,106.586098864,-1.2988
C1.12,10.758066082,106.585778228,-1.2999
C1.13,10.758112299,106.585465452,-1.3011
C1.14,10.758181558,106.585153205,-1.3022
C1.15,10.758250808,106.584840968,-1.3034
C1.16,10.758357312,106.584542930,-1.3046
C1.17,10.758610787,106.584339130,-1.3058
C1.18,10.758815292,106.584060479,-1.3072
C1.19,10.758997471,106.583773227,-1.3085
C1.20,10.758979801,106.583424882,-1.3096
C1.21,10.758993414,106.583132852,-1.3106
C1.22,10.758996095,106.582804338,-1.3117
C1.23,10.759068956,106.582503309,-1.3129
C1.24,10.759217225,106.582231917,-1.3141
C1.25,10.759386928,106.581978157,-1.3152
C1.26,10.759561632,106.581716930,-1.3165
C1.27,10.758697004,106.584208807,-1.3064
C1.28,10.758737644,106.584153916,-1.3067
C1.29,10.758778285,106.584099024,-1.307
CS.C2,10.757100058,106.587524517,-1.2922
C2.01,10.757128874,106.587516560,-1.2923
C2.02,10.757268898,106.587464613,-1.2927
C2.03,10.757399556,106.587376023,-1.2933
C2.04,10.757506318,106.587257937,-1.2939
C2.05,10.757581282,106.587117043,-1.2945
C2.06,10.757620229,106.586962747,-1.2951
C2.07,10.757613090,106.586643342,-1.2961
C2.08,10.757599999,106.586415157,-1.2969
C2.08-1,10.757592382,106.586232481,-1.2975
C2.09,10.757602544,106.586004250,-1.2983
C2.10,10.757655096,106.585688950,-1.2994
C2.11,10.757724355,106.585376713,-1.3006
C2.12,10.757793605,106.585064476,-1.3018
C2.13,10.757862864,106.584752239,-1.303
C2.14,10.757946387,106.584443899,-1.3042
C2.15,10.757928203,106.584176276,-1.305
C2.16,10.758187419,106.583787175,-1.3068
C2.17,10.758484763,106.583578393,-1.3081
C2.18,10.758580543,106.583256829,-1.3094
C2.19,10.758568630,106.582919188,-1.3105
C2.20,10.758605367,106.582583610,-1.3117
C2.21,10.758712397,106.582263794,-1.313
C2.22,10.758882759,106.581973227,-1.3143
C2.23,10.759051972,106.581719730,-1.3155
C2.24,10.759229472,106.581454306,-1.3167
C2.25,10.758013348,106.584044616,-1.3056
C2.26,10.758052033,106.583987012,-1.3059
C2.27,10.758089948,106.583930157,-1.3062
CS.C3,10.763282074,106.578620978,-1.3342
C3.01,10.759733830,106.581459427,-1.3177
C3.02,10.759913093,106.581207082,-1.3189
C3.03,10.760121898,106.580979264,-1.32
C3.04,10.760358585,106.580781284,-1.3212
C3.05,10.760624462,106.580584397,-1.3224
C3.06,10.760854944,106.580414476,-1.3234
C3.07,10.761110339,106.580225707,-1.3245
C3.08,10.761365815,106.580036901,-1.3256
C3.09,10.761621290,106.579848104,-1.3268
C3.10,10.761876766,106.579659306,-1.3279
C3.11,10.762132241,106.579470499,-1.329
C3.12,10.762387726,106.579281701,-1.3302
C3.13,10.762643201,106.579092902,-1.3313
C3.14,10.762898676,106.578904094,-1.3325
C3.15,10.763154152,106.578715295,-1.3336
C3.16,10.763409627,106.578526487,-1.3347
C3.17,10.763665102,106.578337687,-1.3359
C3.18,10.763920576,106.578148887,-1.337
C3.19,10.764177510,106.577962212,-1.3381
C3.20,10.764476124,106.577865526,-1.339
C3.21,10.764791756,106.577882872,-1.3396
C3.22,10.765107219,106.577885672,-1.3402
C3.23,10.765420771,106.577906551,-1.3408
C3.24,10.765736173,106.577932153,-1.3413
C3.25,10.766045748,106.577979610,-1.3417
C3.26,10.766365806,106.577927408,-1.3425
C3.27,10.766642513,106.577793989,-1.3435
C3.28,10.766879576,106.577583458,-1.3447
C3.29,10.767095438,106.577349481,-1.3459
C3.30,10.767311300,106.577115513,-1.3471
C3.31,10.767527170,106.576881536,-1.3483
C3.32,10.767743031,106.576647558,-1.3495
C3.33,10.767958893,106.576413579,-1.3507
C3.34,10.768187111,106.576166258,-1.352
C3.35,10.768451442,106.575971672,-1.3532
C3.36,10.768767614,106.575915178,-1.354
CS.C4,10.761754873,106.579222571,-1.3291
C4.01,10.759416972,106.581174426,-1.318
C4.02,10.759623132,106.580901171,-1.3193
C4.03,10.759840264,106.580669711,-1.3205
C4.04,10.760087607,106.580456024,-1.3217
C4.05,10.760349888,106.580261167,-1.3229
C4.06,10.760605346,106.580072333,-1.324
C4.07,10.760860795,106.579883500,-1.3252
C4.08,10.761116243,106.579694657,-1.3263
C4.09,10.761371701,106.579505823,-1.3274
C4.10,10.761617873,106.579323848,-1.3285
C4.11,10.761882598,106.579128154,-1.3297
C4.12,10.762138055,106.578939319,-1.3308
C4.13,10.762393503,106.578750484,-1.332
C4.14,10.762648996,106.578561703,-1.3331
C4.15,10.762904516,106.578372959,-1.3342
C4.16,10.763159973,106.578184122,-1.3354
C4.17,10.763415520,106.577995414,-1.3365
C4.18,10.763671057,106.577806705,-1.3376
C4.19,10.763925592,106.577624568,-1.3388
C4.20,10.764235945,106.577489111,-1.3398
C4.21,10.764516531,106.577443731,-1.3405
C4.22,10.764827819,106.577459200,-1.3411
C4.23,10.765138711,106.577484451,-1.3416
C4.24,10.765449612,106.577509693,-1.3421
C4.25,10.765760512,106.577534936,-1.3427
C4.26,10.766058017,106.577556063,-1.3432
C4.27,10.766344787,106.577483272,-1.344
C4.28,10.766579067,106.577285790,-1.3451
C4.29,10.766786822,106.577060806,-1.3463
C4.30,10.767002801,106.576826938,-1.3475
C4.31,10.767218779,106.576593071,-1.3487
C4.32,10.767434758,106.576359203,-1.3499
C4.33,10.767650736,106.576125335,-1.3511
C4.34,10.767866705,106.575891466,-1.3523
C4.35,10.768079917,106.575667693,-1.3535
C4.36,10.768339321,106.575503338,-1.3545
C4.37,10.768636680,106.575429851,-1.3554
C4.38,10.768941805,106.575454701,-1.3559
CS.C5,10.772580119,106.578664331,-1.3523
C5.01,10.769084234,106.576036987,-1.3542
C5.02,10.769323993,106.576283344,-1.3539
C5.03,10.769523699,106.576524089,-1.3535
C5.04,10.769735464,106.576775107,-1.353
C5.05,10.769970027,106.576986479,-1.3528
C5.06,10.770264933,106.577097194,-1.353
C5.07,10.770580267,106.577097616,-1.3536
C5.08,10.770895831,106.577075939,-1.3543
C5.09,10.771199188,106.577156660,-1.3546
C5.10,10.771447395,106.577353469,-1.3545
C5.11,10.771682937,106.577567150,-1.3542
C5.12,10.771918488,106.577780821,-1.354
C5.13,10.772152406,106.577996262,-1.3537
C5.14,10.772352527,106.578243476,-1.3533
C5.15,10.772506845,106.578522630,-1.3526
C5.16,10.772653474,106.578806207,-1.352
C5.17,10.772800113,106.579089784,-1.3513
C5.18,10.772948463,106.579372425,-1.3507
C5.19,10.773128036,106.579635511,-1.3501
C5.20,10.773346026,106.579867012,-1.3498
C5.21,10.773597059,106.580061291,-1.3496
C5.22,10.773861494,106.580237027,-1.3496
C5.23,10.774125938,106.580412763,-1.3495
C5.24,10.774390373,106.580588500,-1.3494
C5.25,10.774637687,106.580787268,-1.3493
C5.26,10.774841004,106.581031779,-1.3488
C5.27,10.774992169,106.581312299,-1.3482
C5.28,10.775083405,106.581609040,-1.3474
C5.29,10.775116160,106.581935575,-1.3464
C5.30,10.775084035,106.582253400,-1.3452
C5.31,10.775015907,106.582565905,-1.344
C5.32,10.774949895,106.582867792,-1.3429
C5.33,10.774879261,106.583190833,-1.3417
C5.34,10.774810942,106.583503300,-1.3405
C5.35,10.774744204,106.583816102,-1.3393
C5.36,10.774701828,106.584133093,-1.3382
C5.37,10.774691583,106.584452807,-1.3371
C5.38,10.774713605,106.584771905,-1.3361
C5.39,10.774767623,106.585087078,-1.3351
C5.40,10.774853049,106.585395068,-1.3343
C5.41,10.774968996,106.585692673,-1.3335
C5.42,10.775114270,106.585976810,-1.3328
C5.43,10.775287424,106.586244657,-1.3323
CS.C6,10.773147043,106.578843408,-1.3528
C6.01,10.769223702,106.575575353,-1.356
C6.02,10.769453810,106.575779535,-1.3558
C6.03,10.769652197,106.576016984,-1.3554
C6.04,10.769850583,106.576254434,-1.355
C6.05,10.770051280,106.576489759,-1.3546
C6.06,10.770313309,106.576646539,-1.3546
C6.07,10.770617548,106.576668023,-1.3551
C6.08,10.770924329,106.576654743,-1.3558
C6.09,10.771225350,106.576713340,-1.3562
C6.10,10.771501496,106.576847969,-1.3563
C6.11,10.771738864,106.577044876,-1.3561
C6.12,10.771963671,106.577249466,-1.3558
C6.13,10.772189417,106.577454845,-1.3556
C6.14,10.772422567,106.577670394,-1.3553
C6.15,10.772614466,106.577888775,-1.355
C6.16,10.772781928,106.578141166,-1.3545
C6.17,10.772928515,106.578420793,-1.3538
C6.18,10.773074047,106.578702246,-1.3532
C6.19,10.773220147,106.578984524,-1.3525
C6.20,10.773359748,106.579239336,-1.3519
C6.21,10.773573718,106.579503422,-1.3515
C6.22,10.773813833,106.579696683,-1.3513
C6.23,10.774070715,106.579867397,-1.3512
C6.24,10.774327597,106.580038111,-1.3512
C6.25,10.774584478,106.580208826,-1.3511
C6.26,10.774831714,106.580393092,-1.351
C6.27,10.775048839,106.580612707,-1.3506
C6.28,10.775230516,106.580863092,-1.3502
C6.29,10.775372528,106.581138458,-1.3495
C6.30,10.775471592,106.581432433,-1.3487
C6.31,10.775525412,106.581738197,-1.3478
C6.32,10.775532742,106.582048679,-1.3468
C6.33,10.775493420,106.582356692,-1.3457
C6.34,10.775427603,106.582660354,-1.3445
C6.35,10.775359719,106.582972915,-1.3434
C6.36,10.775291445,106.583285393,-1.3422
C6.37,10.775222954,106.583597824,-1.341
C6.38,10.775159037,106.583897211,-1.3399
C6.39,10.775113707,106.584199886,-1.3388
C6.40,10.775103562,106.584505839,-1.3377
C6.41,10.775128750,106.584810902,-1.3368
C6.42,10.775188929,106.585110914,-1.3359
C6.43,10.775283270,106.585401795,-1.3351
C6.44,10.775410471,106.585679545,-1.3344
C6.45,10.775568709,106.585940521,-1.3338
